applicant_id,job_id
17c9a2f2-5af3-4dea-bc6b-72a32dcbda20,398da005-863a-485c-a972-f555fcc71f5e
17c9a2f2-5af3-4dea-bc6b-72a32dcbda20,cc8866c0-fd8c-4ec4-8c76-6d222ef7b305
17c9a2f2-5af3-4dea-bc6b-72a32dcbda20,f11111cd-0177-4bbc-a032-82cde1e21e4c
17c9a2f2-5af3-4dea-bc6b-72a32dcbda20,ced66e0d-fea0-4c45-a6b0-03b0c7d3993c
17c9a2f2-5af3-4dea-bc6b-72a32dcbda20,abb0d5f2-47b2-4d88-99e3-319caef8a27c
17c9a2f2-5af3-4dea-bc6b-72a32dcbda20,95614908-a096-4942-98c5-186ebfeb031f
17c9a2f2-5af3-4dea-bc6b-72a32dcbda20,392f14b7-7f5d-4e24-a95c-91318ad5e80b
17c9a2f2-5af3-4dea-bc6b-72a32dcbda20,f39b2b0c-778f-47c5-8f6d-4b9353db57a6
17c9a2f2-5af3-4dea-bc6b-72a32dcbda20,5b7de9fd-608f-4751-bf57-ea7f12da966f
17c9a2f2-5af3-4dea-bc6b-72a32dcbda20,707c18e2-5cba-4985-8dd6-26b3a8a60a95
cda6468e-cc90-4bcf-ba72-d76d179bbcd8,d2b5bb83-b02b-43d9-9075-87bcffd426ba
cda6468e-cc90-4bcf-ba72-d76d179bbcd8,f598393a-49cf-4330-97e9-3febf3c6614a
cda6468e-cc90-4bcf-ba72-d76d179bbcd8,7be0d8c5-61fb-42e0-85e2-e57eaa3c8c92
cda6468e-cc90-4bcf-ba72-d76d179bbcd8,092dfb2b-ff27-4d1b-aa53-8719e5b2f01e
cda6468e-cc90-4bcf-ba72-d76d179bbcd8,6c0c32de-720f-468e-9db4-98fcf35d3476
cda6468e-cc90-4bcf-ba72-d76d179bbcd8,784960ea-8969-447d-935d-2a0e711996d6
cda6468e-cc90-4bcf-ba72-d76d179bbcd8,9089b0d0-9bcc-4423-9a86-9ec534a5f15a
cda6468e-cc90-4bcf-ba72-d76d179bbcd8,91897402-de57-4dab-9099-843ecbb624b3
cda6468e-cc90-4bcf-ba72-d76d179bbcd8,aa9c7ad9-821b-405c-8099-64057cbf133a
cda6468e-cc90-4bcf-ba72-d76d179bbcd8,bd562210-99d4-4bde-8780-2e54953bf3dd
cda6468e-cc90-4bcf-ba72-d76d179bbcd8,619f163a-21a4-402f-ab9c-510eb8b05894
cda6468e-cc90-4bcf-ba72-d76d179bbcd8,34db19d2-d22c-420b-9ca4-3a0b96da2fae
cda6468e-cc90-4bcf-ba72-d76d179bbcd8,6e0cf920-9cdc-40a1-a692-9191c7cde9f1
426da132-38a9-4f5b-b25d-eff4fe3c17b3,dde856d5-1a5e-449a-b28c-c621262d2fdb
426da132-38a9-4f5b-b25d-eff4fe3c17b3,88fed694-ea9b-4bfa-a0e3-7edf70bcfc1a
426da132-38a9-4f5b-b25d-eff4fe3c17b3,219d497c-2d8d-4ea1-bfd1-da18bc79a201
426da132-38a9-4f5b-b25d-eff4fe3c17b3,c2caf92c-6f39-4f8f-987a-817169014ab5
426da132-38a9-4f5b-b25d-eff4fe3c17b3,6b516d60-f9b8-449c-a7f4-b4a140372932
426da132-38a9-4f5b-b25d-eff4fe3c17b3,92590e54-154b-4c57-bb63-9474a07ed6f7
426da132-38a9-4f5b-b25d-eff4fe3c17b3,bf6b4bf7-bb1c-4622-ba58-0f138afba361
426da132-38a9-4f5b-b25d-eff4fe3c17b3,c5c038f7-28c1-4d3d-8c12-933878644fc1
426da132-38a9-4f5b-b25d-eff4fe3c17b3,6e0cf920-9cdc-40a1-a692-9191c7cde9f1
43b309c6-1925-451f-995d-9aba621da247,d2b5bb83-b02b-43d9-9075-87bcffd426ba
43b309c6-1925-451f-995d-9aba621da247,1bf0ac7a-e529-4e85-9cdb-5bea8e082fd1
43b309c6-1925-451f-995d-9aba621da247,34db19d2-d22c-420b-9ca4-3a0b96da2fae
43b309c6-1925-451f-995d-9aba621da247,f598393a-49cf-4330-97e9-3febf3c6614a
43b309c6-1925-451f-995d-9aba621da247,7be0d8c5-61fb-42e0-85e2-e57eaa3c8c92
43b309c6-1925-451f-995d-9aba621da247,6c0c32de-720f-468e-9db4-98fcf35d3476
43b309c6-1925-451f-995d-9aba621da247,092dfb2b-ff27-4d1b-aa53-8719e5b2f01e
43b309c6-1925-451f-995d-9aba621da247,784960ea-8969-447d-935d-2a0e711996d6
43b309c6-1925-451f-995d-9aba621da247,9089b0d0-9bcc-4423-9a86-9ec534a5f15a
43b309c6-1925-451f-995d-9aba621da247,91897402-de57-4dab-9099-843ecbb624b3
43b309c6-1925-451f-995d-9aba621da247,619f163a-21a4-402f-ab9c-510eb8b05894
43b309c6-1925-451f-995d-9aba621da247,bd562210-99d4-4bde-8780-2e54953bf3dd
43b309c6-1925-451f-995d-9aba621da247,aa9c7ad9-821b-405c-8099-64057cbf133a
0199d2dd-2a09-4083-a6af-1d19500b4901,d2b5bb83-b02b-43d9-9075-87bcffd426ba
0199d2dd-2a09-4083-a6af-1d19500b4901,1bf0ac7a-e529-4e85-9cdb-5bea8e082fd1
0199d2dd-2a09-4083-a6af-1d19500b4901,34db19d2-d22c-420b-9ca4-3a0b96da2fae
0199d2dd-2a09-4083-a6af-1d19500b4901,f598393a-49cf-4330-97e9-3febf3c6614a
0199d2dd-2a09-4083-a6af-1d19500b4901,7be0d8c5-61fb-42e0-85e2-e57eaa3c8c92
0199d2dd-2a09-4083-a6af-1d19500b4901,6c0c32de-720f-468e-9db4-98fcf35d3476
0199d2dd-2a09-4083-a6af-1d19500b4901,092dfb2b-ff27-4d1b-aa53-8719e5b2f01e
0199d2dd-2a09-4083-a6af-1d19500b4901,784960ea-8969-447d-935d-2a0e711996d6
0199d2dd-2a09-4083-a6af-1d19500b4901,9089b0d0-9bcc-4423-9a86-9ec534a5f15a
0199d2dd-2a09-4083-a6af-1d19500b4901,91897402-de57-4dab-9099-843ecbb624b3
0199d2dd-2a09-4083-a6af-1d19500b4901,bd562210-99d4-4bde-8780-2e54953bf3dd
0199d2dd-2a09-4083-a6af-1d19500b4901,aa9c7ad9-821b-405c-8099-64057cbf133a
0199d2dd-2a09-4083-a6af-1d19500b4901,619f163a-21a4-402f-ab9c-510eb8b05894
cebf3b13-b041-4dc4-8aee-9a71b6fe49bc,bc17abfe-738c-446e-b265-c2ab66dc5db5
cebf3b13-b041-4dc4-8aee-9a71b6fe49bc,0cf3e86d-7b7b-49b5-b0e7-95f732a9356b
cebf3b13-b041-4dc4-8aee-9a71b6fe49bc,b9112c8c-6881-4ed1-8e11-5631d7599fd3
cebf3b13-b041-4dc4-8aee-9a71b6fe49bc,d6ce56c8-37c1-4825-9f1c-6a380cc955c6
cebf3b13-b041-4dc4-8aee-9a71b6fe49bc,b0677759-9c1d-478f-8e04-71c859b8420f
cebf3b13-b041-4dc4-8aee-9a71b6fe49bc,20c6eb5b-170a-4a62-9a6d-914ebb2d054c
cebf3b13-b041-4dc4-8aee-9a71b6fe49bc,f49de743-0a5c-466f-aa6e-85a5e1abb8bf
cebf3b13-b041-4dc4-8aee-9a71b6fe49bc,30461847-21a9-44c4-a4e8-e702395d0552
cebf3b13-b041-4dc4-8aee-9a71b6fe49bc,4f09ba62-f310-4d0e-820d-c4046877a994
cebf3b13-b041-4dc4-8aee-9a71b6fe49bc,d4217303-4874-4b65-8c4f-23b62efe1802
cebf3b13-b041-4dc4-8aee-9a71b6fe49bc,aa811a27-0a08-4d88-a8ac-5eb9574db89b
cebf3b13-b041-4dc4-8aee-9a71b6fe49bc,a50ce27e-34e7-4a00-821d-3066412287bf
8b035ff6-3a1d-415e-a2f2-82c8b63e63e9,f49de743-0a5c-466f-aa6e-85a5e1abb8bf
8b035ff6-3a1d-415e-a2f2-82c8b63e63e9,aa811a27-0a08-4d88-a8ac-5eb9574db89b
8b035ff6-3a1d-415e-a2f2-82c8b63e63e9,30461847-21a9-44c4-a4e8-e702395d0552
8b035ff6-3a1d-415e-a2f2-82c8b63e63e9,4f09ba62-f310-4d0e-820d-c4046877a994
8b035ff6-3a1d-415e-a2f2-82c8b63e63e9,bc17abfe-738c-446e-b265-c2ab66dc5db5
8b035ff6-3a1d-415e-a2f2-82c8b63e63e9,0cf3e86d-7b7b-49b5-b0e7-95f732a9356b
8b035ff6-3a1d-415e-a2f2-82c8b63e63e9,b9112c8c-6881-4ed1-8e11-5631d7599fd3
8b035ff6-3a1d-415e-a2f2-82c8b63e63e9,d6ce56c8-37c1-4825-9f1c-6a380cc955c6
8b035ff6-3a1d-415e-a2f2-82c8b63e63e9,b0677759-9c1d-478f-8e04-71c859b8420f
8b035ff6-3a1d-415e-a2f2-82c8b63e63e9,20c6eb5b-170a-4a62-9a6d-914ebb2d054c
8b035ff6-3a1d-415e-a2f2-82c8b63e63e9,d4217303-4874-4b65-8c4f-23b62efe1802
8b035ff6-3a1d-415e-a2f2-82c8b63e63e9,a50ce27e-34e7-4a00-821d-3066412287bf
f4e39dbf-79d3-419a-9339-5a416f403ffc,d2b5bb83-b02b-43d9-9075-87bcffd426ba
f4e39dbf-79d3-419a-9339-5a416f403ffc,f598393a-49cf-4330-97e9-3febf3c6614a
f4e39dbf-79d3-419a-9339-5a416f403ffc,7be0d8c5-61fb-42e0-85e2-e57eaa3c8c92
f4e39dbf-79d3-419a-9339-5a416f403ffc,092dfb2b-ff27-4d1b-aa53-8719e5b2f01e
f4e39dbf-79d3-419a-9339-5a416f403ffc,6c0c32de-720f-468e-9db4-98fcf35d3476
f4e39dbf-79d3-419a-9339-5a416f403ffc,784960ea-8969-447d-935d-2a0e711996d6
f4e39dbf-79d3-419a-9339-5a416f403ffc,9089b0d0-9bcc-4423-9a86-9ec534a5f15a
f4e39dbf-79d3-419a-9339-5a416f403ffc,91897402-de57-4dab-9099-843ecbb624b3
f4e39dbf-79d3-419a-9339-5a416f403ffc,aa9c7ad9-821b-405c-8099-64057cbf133a
f4e39dbf-79d3-419a-9339-5a416f403ffc,bd562210-99d4-4bde-8780-2e54953bf3dd
f4e39dbf-79d3-419a-9339-5a416f403ffc,619f163a-21a4-402f-ab9c-510eb8b05894
f4e39dbf-79d3-419a-9339-5a416f403ffc,84ee4830-5a83-48d2-8872-a5a40e7f329b
f4e39dbf-79d3-419a-9339-5a416f403ffc,34db19d2-d22c-420b-9ca4-3a0b96da2fae
677aa35a-3fd6-44a4-ae37-f97e5b8b04b4,f598393a-49cf-4330-97e9-3febf3c6614a
677aa35a-3fd6-44a4-ae37-f97e5b8b04b4,aa9c7ad9-821b-405c-8099-64057cbf133a
677aa35a-3fd6-44a4-ae37-f97e5b8b04b4,619f163a-21a4-402f-ab9c-510eb8b05894
677aa35a-3fd6-44a4-ae37-f97e5b8b04b4,84ee4830-5a83-48d2-8872-a5a40e7f329b
677aa35a-3fd6-44a4-ae37-f97e5b8b04b4,d2b5bb83-b02b-43d9-9075-87bcffd426ba
677aa35a-3fd6-44a4-ae37-f97e5b8b04b4,6c0c32de-720f-468e-9db4-98fcf35d3476
677aa35a-3fd6-44a4-ae37-f97e5b8b04b4,7be0d8c5-61fb-42e0-85e2-e57eaa3c8c92
677aa35a-3fd6-44a4-ae37-f97e5b8b04b4,092dfb2b-ff27-4d1b-aa53-8719e5b2f01e
677aa35a-3fd6-44a4-ae37-f97e5b8b04b4,784960ea-8969-447d-935d-2a0e711996d6
677aa35a-3fd6-44a4-ae37-f97e5b8b04b4,9089b0d0-9bcc-4423-9a86-9ec534a5f15a
677aa35a-3fd6-44a4-ae37-f97e5b8b04b4,34db19d2-d22c-420b-9ca4-3a0b96da2fae
677aa35a-3fd6-44a4-ae37-f97e5b8b04b4,91897402-de57-4dab-9099-843ecbb624b3
677aa35a-3fd6-44a4-ae37-f97e5b8b04b4,6e0cf920-9cdc-40a1-a692-9191c7cde9f1
90b3e981-3b83-4c02-aa52-1201a52c40c7,c7f77a75-17ff-4f06-bfe5-ce51bbf2cc1a
90b3e981-3b83-4c02-aa52-1201a52c40c7,ee7da4c4-6f75-482f-a406-24c03d68ca9a
90b3e981-3b83-4c02-aa52-1201a52c40c7,92c5c760-9d54-4e5c-b978-20ab22e766f2
90b3e981-3b83-4c02-aa52-1201a52c40c7,8ec4f85c-539e-445f-947b-1af33a8ef07a
90b3e981-3b83-4c02-aa52-1201a52c40c7,9ad0d344-059a-4723-88ea-4255400e5a76
90b3e981-3b83-4c02-aa52-1201a52c40c7,dfdbfa94-bd0f-4354-8b70-43182e0a7f8d
90b3e981-3b83-4c02-aa52-1201a52c40c7,bbb6c9ea-baef-44ff-b084-085be2c89941
90b3e981-3b83-4c02-aa52-1201a52c40c7,53f24894-9291-47ae-8284-33c3ab646baa
90b3e981-3b83-4c02-aa52-1201a52c40c7,2815b44e-d2c8-4e28-8d97-62127318d2bd
90b3e981-3b83-4c02-aa52-1201a52c40c7,904fbc7d-d495-48f0-a82f-e47f7edb8c44
90b3e981-3b83-4c02-aa52-1201a52c40c7,28d43ff7-82dd-4d89-9dfa-79b6467b81f8
90b3e981-3b83-4c02-aa52-1201a52c40c7,8289f495-863f-4244-af82-0f40d2122358
90b3e981-3b83-4c02-aa52-1201a52c40c7,ff130393-5827-4156-ba91-3d44cea084bc
67d95923-93ca-4d19-bc61-243fbf7268d0,f49de743-0a5c-466f-aa6e-85a5e1abb8bf
67d95923-93ca-4d19-bc61-243fbf7268d0,aa811a27-0a08-4d88-a8ac-5eb9574db89b
67d95923-93ca-4d19-bc61-243fbf7268d0,30461847-21a9-44c4-a4e8-e702395d0552
67d95923-93ca-4d19-bc61-243fbf7268d0,4f09ba62-f310-4d0e-820d-c4046877a994
67d95923-93ca-4d19-bc61-243fbf7268d0,bc17abfe-738c-446e-b265-c2ab66dc5db5
67d95923-93ca-4d19-bc61-243fbf7268d0,0cf3e86d-7b7b-49b5-b0e7-95f732a9356b
67d95923-93ca-4d19-bc61-243fbf7268d0,b9112c8c-6881-4ed1-8e11-5631d7599fd3
67d95923-93ca-4d19-bc61-243fbf7268d0,d6ce56c8-37c1-4825-9f1c-6a380cc955c6
67d95923-93ca-4d19-bc61-243fbf7268d0,b0677759-9c1d-478f-8e04-71c859b8420f
67d95923-93ca-4d19-bc61-243fbf7268d0,20c6eb5b-170a-4a62-9a6d-914ebb2d054c
67d95923-93ca-4d19-bc61-243fbf7268d0,a50ce27e-34e7-4a00-821d-3066412287bf
67d95923-93ca-4d19-bc61-243fbf7268d0,d4217303-4874-4b65-8c4f-23b62efe1802
e43fe7af-5822-4540-bb0e-b3464696df52,c7f77a75-17ff-4f06-bfe5-ce51bbf2cc1a
e43fe7af-5822-4540-bb0e-b3464696df52,ee7da4c4-6f75-482f-a406-24c03d68ca9a
e43fe7af-5822-4540-bb0e-b3464696df52,bbb6c9ea-baef-44ff-b084-085be2c89941
e43fe7af-5822-4540-bb0e-b3464696df52,53f24894-9291-47ae-8284-33c3ab646baa
e43fe7af-5822-4540-bb0e-b3464696df52,2815b44e-d2c8-4e28-8d97-62127318d2bd
e43fe7af-5822-4540-bb0e-b3464696df52,92c5c760-9d54-4e5c-b978-20ab22e766f2
e43fe7af-5822-4540-bb0e-b3464696df52,904fbc7d-d495-48f0-a82f-e47f7edb8c44
e43fe7af-5822-4540-bb0e-b3464696df52,ff130393-5827-4156-ba91-3d44cea084bc
e43fe7af-5822-4540-bb0e-b3464696df52,28d43ff7-82dd-4d89-9dfa-79b6467b81f8
e43fe7af-5822-4540-bb0e-b3464696df52,fd5e0d1f-84b6-4d22-a957-63fdf5b36602
e43fe7af-5822-4540-bb0e-b3464696df52,8ec4f85c-539e-445f-947b-1af33a8ef07a
e43fe7af-5822-4540-bb0e-b3464696df52,9ad0d344-059a-4723-88ea-4255400e5a76
e43fe7af-5822-4540-bb0e-b3464696df52,dfdbfa94-bd0f-4354-8b70-43182e0a7f8d
7bdd6ca0-029d-4744-aab5-e24bc00dbede,f49de743-0a5c-466f-aa6e-85a5e1abb8bf
7bdd6ca0-029d-4744-aab5-e24bc00dbede,aa811a27-0a08-4d88-a8ac-5eb9574db89b
7bdd6ca0-029d-4744-aab5-e24bc00dbede,30461847-21a9-44c4-a4e8-e702395d0552
7bdd6ca0-029d-4744-aab5-e24bc00dbede,4f09ba62-f310-4d0e-820d-c4046877a994
7bdd6ca0-029d-4744-aab5-e24bc00dbede,bc17abfe-738c-446e-b265-c2ab66dc5db5
7bdd6ca0-029d-4744-aab5-e24bc00dbede,0cf3e86d-7b7b-49b5-b0e7-95f732a9356b
7bdd6ca0-029d-4744-aab5-e24bc00dbede,b9112c8c-6881-4ed1-8e11-5631d7599fd3
7bdd6ca0-029d-4744-aab5-e24bc00dbede,d6ce56c8-37c1-4825-9f1c-6a380cc955c6
7bdd6ca0-029d-4744-aab5-e24bc00dbede,b0677759-9c1d-478f-8e04-71c859b8420f
7bdd6ca0-029d-4744-aab5-e24bc00dbede,20c6eb5b-170a-4a62-9a6d-914ebb2d054c
7bdd6ca0-029d-4744-aab5-e24bc00dbede,a50ce27e-34e7-4a00-821d-3066412287bf
7bdd6ca0-029d-4744-aab5-e24bc00dbede,d4217303-4874-4b65-8c4f-23b62efe1802
6dd5a2b8-25de-4f3d-b0bc-825c406eee2f,398da005-863a-485c-a972-f555fcc71f5e
6dd5a2b8-25de-4f3d-b0bc-825c406eee2f,cc8866c0-fd8c-4ec4-8c76-6d222ef7b305
6dd5a2b8-25de-4f3d-b0bc-825c406eee2f,f11111cd-0177-4bbc-a032-82cde1e21e4c
6dd5a2b8-25de-4f3d-b0bc-825c406eee2f,ced66e0d-fea0-4c45-a6b0-03b0c7d3993c
6dd5a2b8-25de-4f3d-b0bc-825c406eee2f,abb0d5f2-47b2-4d88-99e3-319caef8a27c
6dd5a2b8-25de-4f3d-b0bc-825c406eee2f,95614908-a096-4942-98c5-186ebfeb031f
6dd5a2b8-25de-4f3d-b0bc-825c406eee2f,f39b2b0c-778f-47c5-8f6d-4b9353db57a6
6dd5a2b8-25de-4f3d-b0bc-825c406eee2f,5b7de9fd-608f-4751-bf57-ea7f12da966f
6dd5a2b8-25de-4f3d-b0bc-825c406eee2f,392f14b7-7f5d-4e24-a95c-91318ad5e80b
6dd5a2b8-25de-4f3d-b0bc-825c406eee2f,707c18e2-5cba-4985-8dd6-26b3a8a60a95
a7ce6f0f-ae7b-4ee1-9cfe-072eaff3ebe9,cc8866c0-fd8c-4ec4-8c76-6d222ef7b305
a7ce6f0f-ae7b-4ee1-9cfe-072eaff3ebe9,f11111cd-0177-4bbc-a032-82cde1e21e4c
a7ce6f0f-ae7b-4ee1-9cfe-072eaff3ebe9,ced66e0d-fea0-4c45-a6b0-03b0c7d3993c
a7ce6f0f-ae7b-4ee1-9cfe-072eaff3ebe9,abb0d5f2-47b2-4d88-99e3-319caef8a27c
a7ce6f0f-ae7b-4ee1-9cfe-072eaff3ebe9,95614908-a096-4942-98c5-186ebfeb031f
a7ce6f0f-ae7b-4ee1-9cfe-072eaff3ebe9,5b7de9fd-608f-4751-bf57-ea7f12da966f
a7ce6f0f-ae7b-4ee1-9cfe-072eaff3ebe9,398da005-863a-485c-a972-f555fcc71f5e
a7ce6f0f-ae7b-4ee1-9cfe-072eaff3ebe9,392f14b7-7f5d-4e24-a95c-91318ad5e80b
a7ce6f0f-ae7b-4ee1-9cfe-072eaff3ebe9,f39b2b0c-778f-47c5-8f6d-4b9353db57a6
a7ce6f0f-ae7b-4ee1-9cfe-072eaff3ebe9,707c18e2-5cba-4985-8dd6-26b3a8a60a95
85c951dc-3332-4b76-b6ee-14d4d32d7685,398da005-863a-485c-a972-f555fcc71f5e
85c951dc-3332-4b76-b6ee-14d4d32d7685,cc8866c0-fd8c-4ec4-8c76-6d222ef7b305
85c951dc-3332-4b76-b6ee-14d4d32d7685,f11111cd-0177-4bbc-a032-82cde1e21e4c
85c951dc-3332-4b76-b6ee-14d4d32d7685,ced66e0d-fea0-4c45-a6b0-03b0c7d3993c
85c951dc-3332-4b76-b6ee-14d4d32d7685,abb0d5f2-47b2-4d88-99e3-319caef8a27c
85c951dc-3332-4b76-b6ee-14d4d32d7685,95614908-a096-4942-98c5-186ebfeb031f
85c951dc-3332-4b76-b6ee-14d4d32d7685,392f14b7-7f5d-4e24-a95c-91318ad5e80b
85c951dc-3332-4b76-b6ee-14d4d32d7685,f39b2b0c-778f-47c5-8f6d-4b9353db57a6
85c951dc-3332-4b76-b6ee-14d4d32d7685,5b7de9fd-608f-4751-bf57-ea7f12da966f
85c951dc-3332-4b76-b6ee-14d4d32d7685,707c18e2-5cba-4985-8dd6-26b3a8a60a95
73b61966-365a-4b55-9729-67c219b3bc85,c7f77a75-17ff-4f06-bfe5-ce51bbf2cc1a
73b61966-365a-4b55-9729-67c219b3bc85,ee7da4c4-6f75-482f-a406-24c03d68ca9a
73b61966-365a-4b55-9729-67c219b3bc85,92c5c760-9d54-4e5c-b978-20ab22e766f2
73b61966-365a-4b55-9729-67c219b3bc85,8ec4f85c-539e-445f-947b-1af33a8ef07a
73b61966-365a-4b55-9729-67c219b3bc85,9ad0d344-059a-4723-88ea-4255400e5a76
73b61966-365a-4b55-9729-67c219b3bc85,dfdbfa94-bd0f-4354-8b70-43182e0a7f8d
73b61966-365a-4b55-9729-67c219b3bc85,bbb6c9ea-baef-44ff-b084-085be2c89941
73b61966-365a-4b55-9729-67c219b3bc85,53f24894-9291-47ae-8284-33c3ab646baa
73b61966-365a-4b55-9729-67c219b3bc85,2815b44e-d2c8-4e28-8d97-62127318d2bd
73b61966-365a-4b55-9729-67c219b3bc85,904fbc7d-d495-48f0-a82f-e47f7edb8c44
73b61966-365a-4b55-9729-67c219b3bc85,fd5e0d1f-84b6-4d22-a957-63fdf5b36602
73b61966-365a-4b55-9729-67c219b3bc85,28d43ff7-82dd-4d89-9dfa-79b6467b81f8
73b61966-365a-4b55-9729-67c219b3bc85,ff130393-5827-4156-ba91-3d44cea084bc
f92db386-4184-4464-86fb-65acb89630b1,f49de743-0a5c-466f-aa6e-85a5e1abb8bf
f92db386-4184-4464-86fb-65acb89630b1,aa811a27-0a08-4d88-a8ac-5eb9574db89b
f92db386-4184-4464-86fb-65acb89630b1,30461847-21a9-44c4-a4e8-e702395d0552
f92db386-4184-4464-86fb-65acb89630b1,4f09ba62-f310-4d0e-820d-c4046877a994
f92db386-4184-4464-86fb-65acb89630b1,bc17abfe-738c-446e-b265-c2ab66dc5db5
f92db386-4184-4464-86fb-65acb89630b1,0cf3e86d-7b7b-49b5-b0e7-95f732a9356b
f92db386-4184-4464-86fb-65acb89630b1,b9112c8c-6881-4ed1-8e11-5631d7599fd3
f92db386-4184-4464-86fb-65acb89630b1,d6ce56c8-37c1-4825-9f1c-6a380cc955c6
f92db386-4184-4464-86fb-65acb89630b1,b0677759-9c1d-478f-8e04-71c859b8420f
f92db386-4184-4464-86fb-65acb89630b1,20c6eb5b-170a-4a62-9a6d-914ebb2d054c
f92db386-4184-4464-86fb-65acb89630b1,a50ce27e-34e7-4a00-821d-3066412287bf
f92db386-4184-4464-86fb-65acb89630b1,d4217303-4874-4b65-8c4f-23b62efe1802
f7244f1f-23ab-4b31-8a9d-6032932506b2,398da005-863a-485c-a972-f555fcc71f5e
f7244f1f-23ab-4b31-8a9d-6032932506b2,cc8866c0-fd8c-4ec4-8c76-6d222ef7b305
f7244f1f-23ab-4b31-8a9d-6032932506b2,f11111cd-0177-4bbc-a032-82cde1e21e4c
f7244f1f-23ab-4b31-8a9d-6032932506b2,ced66e0d-fea0-4c45-a6b0-03b0c7d3993c
f7244f1f-23ab-4b31-8a9d-6032932506b2,abb0d5f2-47b2-4d88-99e3-319caef8a27c
f7244f1f-23ab-4b31-8a9d-6032932506b2,95614908-a096-4942-98c5-186ebfeb031f
f7244f1f-23ab-4b31-8a9d-6032932506b2,f39b2b0c-778f-47c5-8f6d-4b9353db57a6
f7244f1f-23ab-4b31-8a9d-6032932506b2,5b7de9fd-608f-4751-bf57-ea7f12da966f
f7244f1f-23ab-4b31-8a9d-6032932506b2,392f14b7-7f5d-4e24-a95c-91318ad5e80b
f7244f1f-23ab-4b31-8a9d-6032932506b2,707c18e2-5cba-4985-8dd6-26b3a8a60a95
7151ae97-3948-4b18-abe7-764662006dd5,398da005-863a-485c-a972-f555fcc71f5e
7151ae97-3948-4b18-abe7-764662006dd5,cc8866c0-fd8c-4ec4-8c76-6d222ef7b305
7151ae97-3948-4b18-abe7-764662006dd5,f11111cd-0177-4bbc-a032-82cde1e21e4c
7151ae97-3948-4b18-abe7-764662006dd5,ced66e0d-fea0-4c45-a6b0-03b0c7d3993c
7151ae97-3948-4b18-abe7-764662006dd5,abb0d5f2-47b2-4d88-99e3-319caef8a27c
7151ae97-3948-4b18-abe7-764662006dd5,95614908-a096-4942-98c5-186ebfeb031f
7151ae97-3948-4b18-abe7-764662006dd5,f39b2b0c-778f-47c5-8f6d-4b9353db57a6
7151ae97-3948-4b18-abe7-764662006dd5,5b7de9fd-608f-4751-bf57-ea7f12da966f
7151ae97-3948-4b18-abe7-764662006dd5,392f14b7-7f5d-4e24-a95c-91318ad5e80b
7151ae97-3948-4b18-abe7-764662006dd5,707c18e2-5cba-4985-8dd6-26b3a8a60a95
e21b0194-3e4e-442c-a247-46c2ba1e9d86,c7f77a75-17ff-4f06-bfe5-ce51bbf2cc1a
e21b0194-3e4e-442c-a247-46c2ba1e9d86,ee7da4c4-6f75-482f-a406-24c03d68ca9a
e21b0194-3e4e-442c-a247-46c2ba1e9d86,92c5c760-9d54-4e5c-b978-20ab22e766f2
e21b0194-3e4e-442c-a247-46c2ba1e9d86,8ec4f85c-539e-445f-947b-1af33a8ef07a
e21b0194-3e4e-442c-a247-46c2ba1e9d86,9ad0d344-059a-4723-88ea-4255400e5a76
e21b0194-3e4e-442c-a247-46c2ba1e9d86,dfdbfa94-bd0f-4354-8b70-43182e0a7f8d
e21b0194-3e4e-442c-a247-46c2ba1e9d86,bbb6c9ea-baef-44ff-b084-085be2c89941
e21b0194-3e4e-442c-a247-46c2ba1e9d86,53f24894-9291-47ae-8284-33c3ab646baa
e21b0194-3e4e-442c-a247-46c2ba1e9d86,2815b44e-d2c8-4e28-8d97-62127318d2bd
e21b0194-3e4e-442c-a247-46c2ba1e9d86,904fbc7d-d495-48f0-a82f-e47f7edb8c44
e21b0194-3e4e-442c-a247-46c2ba1e9d86,ff130393-5827-4156-ba91-3d44cea084bc
e21b0194-3e4e-442c-a247-46c2ba1e9d86,8289f495-863f-4244-af82-0f40d2122358
e21b0194-3e4e-442c-a247-46c2ba1e9d86,418555e6-0dd3-45f7-ba3f-2eb6faca3972
de00db31-95d4-4f59-b838-83ed787df553,f49de743-0a5c-466f-aa6e-85a5e1abb8bf
de00db31-95d4-4f59-b838-83ed787df553,aa811a27-0a08-4d88-a8ac-5eb9574db89b
de00db31-95d4-4f59-b838-83ed787df553,30461847-21a9-44c4-a4e8-e702395d0552
de00db31-95d4-4f59-b838-83ed787df553,4f09ba62-f310-4d0e-820d-c4046877a994
de00db31-95d4-4f59-b838-83ed787df553,bc17abfe-738c-446e-b265-c2ab66dc5db5
de00db31-95d4-4f59-b838-83ed787df553,0cf3e86d-7b7b-49b5-b0e7-95f732a9356b
de00db31-95d4-4f59-b838-83ed787df553,b9112c8c-6881-4ed1-8e11-5631d7599fd3
de00db31-95d4-4f59-b838-83ed787df553,d6ce56c8-37c1-4825-9f1c-6a380cc955c6
de00db31-95d4-4f59-b838-83ed787df553,b0677759-9c1d-478f-8e04-71c859b8420f
de00db31-95d4-4f59-b838-83ed787df553,20c6eb5b-170a-4a62-9a6d-914ebb2d054c
de00db31-95d4-4f59-b838-83ed787df553,a50ce27e-34e7-4a00-821d-3066412287bf
de00db31-95d4-4f59-b838-83ed787df553,d4217303-4874-4b65-8c4f-23b62efe1802
